name,id
2 Chainz,17lzZA2AlOHwCwFALHttmp
21 Savage,1URnnhqYAYcrqrcwql10ft
24kGoldn,6fWVd57NKTalqvmjRd2t8Z
5 Seconds of Summer,5Rl15oVamLq7FbSb0NNBNy
50 Cent,3q7HBObVc0L8jNeTe5Gofh
88rising,1AhjOkOLkbHUfcHDSErXQs
A Boogie Wit da Hoodie,31W5EY0aAly4Qieq6OFu6I
Above & Beyond,10gzBoINW3cLJfZUka8Zoe
Adam Levine,4bYPcJP5jwMhSivRcqie2n
Adele,4dpARuHxo51G3z768sgnrY
Akon,0z4gvV4rjIZ9wHck67ucSV
Alan Walker,7vk5e3vY1uw9plTHJAMwjN
Alesso,4AVFqumd2ogHFlRbKIjp1t
Alicia Keys,3DiDSECUqqY1AuBP8qtaIa
Alison Wonderland,11gWrKZMBsGQWmobv3oNfW
Annika Wells,0kErUwb6xgWfkdn0RyZWHZ
Ariana Grande,66CXWjxzNUsdJxJ2JdwvnR
ARMNHMR,0P2bZXPyjHYRW4guHVAFl1
A$AP Rocky,13ubrt8QOOCPljQ2FL1Kca
Audien,4xnMDfgEmXZEEDdITKcGuE
AUGUST 08,2iB8eFB6flwQculkUrRssi
Avicii,1vCWHaC5f2uS3yhpwWbIA6
Axwell,1xNmvlEiICkRlRGqlNFZ43
Axwell /\ Ingrosso,2XnBwblw31dfGnspMIwgWz
Baby Keem,5SXuuuRpukkTvsLuUknva1
Bad Bunny,4q3ewBCX7sLwd24euuV69X
benny blanco,5CiGnKThu5ctn9pBxv7DGa
Beyoncé,6vWDO969PvNqNYHIOW5v0m
BIBI,6UbmqUEgjLA6jAcXwbM1Z9
Big Sean,0c173mlxpT3dSFRgMO8XPh
BIGBANG,4Kxlr1PRlDKEB0ekOCyHgX
Billie Eilish,6qqNVTkY8uBg9cP3Jd7DAH
blackbear,2cFrymmkijnjDg9SS92EPM
BLACKPINK,41MozSoPIsD1dJM0CLPjZF
Bruno Mars,0du5cEVh5yTK9QJze8zA0C
Bryson Tiller,2EMAnMvWE2eb56ToJVfCWs
BTS,3Nrfpe0tUJi4K4DXYWgMUX
Calvin Harris,7CajNmpbOovFoOoasH2HaY
Camila Cabello,4nDoRrQiYLoBzwC5BhVJzF
Cardi B,4kYSro6naA4h99UJvo89HB
Cash Cash,1LOB7jTeEV14pHai6EXSzF
Chance the Rapper,1anyVhU62p31KFi8MEzkbf
Chandler Leighton,5zUeHMatct7zGjyIji9T4C
Charli xcx,25uiPmTg16RbhZWAqwLBy5
Charlie Puth,6VuMaDnrHyPL1p4EHjYLi7
Chase Atlantic,7cYEt1pqMgXJdq00hAwVpT
Chelsea Cutler,5JMLG56F1X5mFmWNmS0iAp
Chief Keef,15iVAtD3s3FsQR4w1v6M0P
Childish Gambino,73sIBHcqh3Z3NyqHKZ7FOL
CHUNG HA,2PSJ6YriU7JsFucxACpU7Y
CHYL,15HOfHbNWedCAcJ3Cm1mbc
Coi Leray,6AMd49uBDJfhf30Ak2QR5s
Coldplay,4gzpq5DPGxSnKTe4SA8HAU
Crankdat,5lCekoJW9jNq01B1wiqdAb
d4vd,5y8tKLUfMvliMe8IKamR32
DaBaby,4r63FhuTkUYltbVAg5TQnk
Dabin,7lZauDnRoAC3kmaYae2opv
David Guetta,1Cs0zKBU1kc0i8ypK3B9ai
Daya,6Dd3NScHWwnW6obMFbl1BH
Dia Frampton,3ppkM4QtM781APpaX7H9t7
Dillon Francis,5R3Hr2cnCCjt220Jmt2xLf
Diplo,5fMUXHkw8R8eOP2RNVYEZX
DJ Khaled,0QHgL1lAIqAw0HtD7YldmP
DJ Snake,540vIaP2JwjQb9dm3aArA4
Doechii,4E2rKHVDssGJm2SCDOMMJB
Doja Cat,5cj0lLjcoR7YOSnhnX0Po5
Dominic Fike,6USv9qhCn6zfxlBQIYJ9qs
Don Toliver,4Gso3d4CscCijv0lmajZWs
DPR IAN,2o8gT0fQmFxGNbowbdgeZe
DPR LIVE,0siBQaURCli5wn2lqv8WZg
DPR CREAM,7bPplWv4cZ1q26UY2Wmcvw
Drake,3TVXtAsR1Inumwj472S9r4
Dua Lipa,6M2wZ9GZgrQXHCFfjv46we
Dylan Matthew,6d0ZjIp5L7Ygy2l02HskRX
Ed Sheeran,6eUKZXaKkcviH0Ku9w2n3V
Elephante,3fjs4zbBFxEFFe8Wyojo0G
Ellie Goulding,0X2BH1fck6amBIoJhDVmmJ
Eminem,7dGJo4pcD2V6oG8kP0tJRR
Excision,5FKchcZpQOkqFvXBj1aCvb
Fairlane,3L7JnVovGbYSUmRyqhXMYO
Fetty Wap,6PXS4YHDkKvl1wkIl4V8DL
Fivio Foreign,14CHVeJGrR5xgUGQFV5BVM
Flume,6nxWCVXbOlEVRexSbLsTer
Frank Ocean,2h93pZq0e7k5yf4dywlkpM
Future,1RyvyyTE3xzB2ZywiAwp0i
Galantis,4sTQVOfp9vEMCemLw50sbu
G-DRAGON,30b9WulBM8sFuBo17nNq9c
GIVĒON,4fxd5Ee7UefO4CUXgwJ7IP
Gryffin,2ZRQcIgzPCVaT9XKhXZIzh
Gucci Mane,13y7CgLHjMVRMDqxdx0Xdo
Gunna,2hlmm7s2ICUX0LVIhVFlZQ
Gym Class Heroes,4IJczjB0fJ04gs4uvP0Fli
Hailee Steinfeld,5p7f24Rk5HkUZsaS3BLG5F
HALIENE,1sKIizVYeHkGy7Tjmn9QRj
Halsey,26VFTg2z8YR0cCuwLzESi2
Hayley Williams,6Rx1JKzBrSzoKQtmbVmBnM
Higher Brothers,07ZhipyrvoyNoJejeyM0PQ
Hoang,2KjxvxgJvbwweNVRMSuIRG
Hoody,7lXgbtBDcCRbfc5f8FhGUL
iann dior,6ASri4ePR7RlsvIQgWPJpS
Ice Spice,3LZZPxNDGDFVSIPqf4JuEf
ILLENIUM,45eNHdiiabvmbp4erw26rg
Imagine Dragons,53XhwfbYqKCa1cC15pYq2q
Internet Money,6MPCFvOQv5cIGfw3jODMF0
ISOKNOCK,0mmIPiJ8l2gAProE7THr37
ISOxo,4zVCMnjw54nkhGHU4e1Pav
IU,3HqSLMAZ3g3d5poNaI7GOU
IVE,6RHTUrRF63xao58xh9FXYJ
J. Cole,6l3HvQ5sa6mXTsMTB19rO5
Jack Harlow,2LIk90788K0zvyj2JJVwkJ
Jackson Wang,1kfWoWgCugPkyxQP8lkRlY
Jason Ross,6CCTvLyIHqUhY6VQizt150
jasontheween,56z8RFFEGWfUFHzvgv70SB
Jay Park,4XDi67ZENZcbfKnvMnTYsI
JENNIE,250b0Wlc5Vk0CoUsaCY84M
Jeremy Zucker,3gIRvgZssIb9aiirIg0nI3
Jhené Aiko,5ZS223C6JyBfXasXxrRqOk
j-hope,0b1sIQumIAsNbqAoIClSpy
JID,6U3ybJ9UHNKEdsH7ktGBZ7
JISOO,6UZ0ba50XreR4TM8u322gs
Joji,3MZsBdqDrRTJihTHQrO6Dq
Jon Bellion,50JJSqHUf2RQ9xsHs0KMHg
Joyner Lucas,6C1ohJrd5VydigQtaGy5Wa
Juelz,04p1jV00pBnrmh2rKl0jnT
Juice WRLD,4MCBfE4596Uoi2O4DtmEMz
Juicy J,5gCRApTajqwbnHHPbr2Fpi
Justin Bieber,1uNFoZAHBGtllmzznpCI3s
JVKE,164Uj4eKjl6zTBKfJLFKKK
K/DA,4gOc8TsQed9eqnqJct2c5v
Kai Wachi,2fNr4ldujwq97v1jWeqs8K
Kali Uchis,1U1el3k54VvEUzo3ybLPlM
Kanye West,5K4W6rqBFWDnAN6FQUkS6x
KAROL G,790FomKkXshlbRYZFtlgla
Katy Perry,6jJ0s89eD6GaHleKKya26X
Kehlani,0cGUm45nv7Z6M6qdXYQGTX
Kendrick Lamar,2YZyLoL8N0Wb9xBt1NhZWg
keshi,3pc0bOVB5whxmD50W79wwO
Kevin Gates,1gPhS1zisyXr5dHTYZyiMe
Khalid,6LuN9FCkKOj5PcnpouEgny
Kid Cudi,0fA0VVWsXO9YnASrzqfmYu
Kid Ink,6KZDXtSj0SzGOV705nNeh3
KISS OF LIFE,4TEK9tIkcoxib4GxT3O4ky
Knock2,6mmSS7itNWKbapgG2eZbIg
Kodak Black,46SHBwWsqBkxI7EeeBEQG7
Krewella,0Cd6nHYwecCNM1sVEXKlYr
Kygo,23fqKkggKUBHNkbKtXEls4
Lady Gaga,1HY2Jd0NmPuamShAr6KMms
Lana Del Rey,00FQb4jTyendYWaN8pK0wa
Lauv,5JZ7CnR6gTvEMKX4g70Amv
LE SSERAFIM,4SpbR6yFEvexJuaBpgAU5p
League of Legends,47mIJdHORyRerp4os813jD
Lil Baby,5f7VJjfbwm532GiveGC0ZK
Lil Durk,3hcs9uc56yIGFCSy9leWe7
Lil Mosey,5zctI4wO9XSKS8XwcnqEHk
Lil Skies,7d3WFRME3vBY2cgoP38RDo
Lil Tecca,4Ga1P7PMIsmqEZqhYZQgDo
Lil Tjay,6jGMq4yGs7aQzuGsMgVgZR
Lil Uzi Vert,4O15NlyKLIASxsJ0PrXPfz
Lil Wayne,55Aa2cqylxrFIXC767Z865
Lil Yachty,6icQOAFXDZKsumw3YXyusw
LISA,5L1lO4eRHmJ7a0Q6csE5cT
Logic,4xRYI6VqpkE3UwrDrAZL8L
Lorde,163tK9Wjr9P9DmM0AVK7lm
Mac Miller,4LLpKhyESsyAXpc4laK94U
Madeon,4pb4rqWSoGUgxm63xmJ8xc
Major Lazer,738wLrAtLtCtFOLvQBXOXp
Maroon 5,04gDigrS5kc9YWfZHwBETP
Marshmello,64KEffDW9EtZ1y2vBYgq8T
Martin Garrix,60d24wfXkVzDSfLS6hyCjZ
Matthew Koma,1mU61l2mcjEFraXZLpvVMo
Max McNown,340PS4ZcZ4UCBgyrXzEjcp
Meek Mill,20sxb77xiYeusSH8cVdatc
Megan Thee Stallion,181bsRPaVXVlUKXrxwZfHK
Metro Boomin,0iEtIxbK0KxaSlF7G42ZOp
mgk,6TIYQ3jFPwQSRmorSezPxX
Migos,6oMuImdp5ZcFhWP0ESe6mG
Miley Cyrus,5YGY8feqx7naU7z4HrwZM6
MitiS,16yUpGkBRgc2eDMd3bB3Uw
NAV,7rkW85dBwwrJtlHRDkJDAC
NAYEON,1VwDG9aBflQupaFNjUru9A
Nevve,3RTklnRcfHgkQJwFpgOq3t
NewJeans,6HvZYsbFfjnjFrWF950C9d
Ne-Yo,21E3waRsmPlU7jZsS13rcj
NF,6fOMl44jA4Sp5b9PpYCkzz
NGHTMRE,76M2Ekj8bG8W7X2nbx2CpF
Nicki Minaj,0hCNtLu0JehylgoiP8L4Gh
Noah Kahan,2RQXRUsr4IW1f3mKyKsy4B
NURKO,757FXqX0Osk2pqtgv4E5v4
Offset,4DdkRBBYG6Yk9Ka8tdJ9BW
Olivia O'Brien,1QRj3hoop9Mv5VvHQkwPEp
Olivia Rodrigo,1McMsnEElThX1knmY4oliG
One Direction,4AK6F7OLvEQ5QYCBNiQWHq
OneRepublic,5Pwc4xIPtQLFEnJriah9YJ
PARTYNEXTDOOR,2HPaUgqeutzr3jx5a9WyDV
pH-1,2u7CP5T30c8ctenzXgEV1W
Pink Sweat$,1W7FNibLa0O0b572tB2w7t
Pitbull,0TnOYISbd1XYRBk9myaseg
Playboi Carti,699OTQXzgjhIYAHMy9RyPD
Polo G,6AgTAQt8XS6jRWi4sX7w49
Pop Smoke,0eDvMgVFoNV3TpwtrVCoTj
Porter Robinson,3dz0NnIZhtKKeXZxLOxCam
Post Malone,246dkjvS1zLTtiykXe5h60
Quavo,0VRj0yCOv2FXJNP47XQnx5
Rae Sremmurd,7iZtZyCzp3LItcw1wtPI3D
rei brown,4N7IToHBlPXqlrXiv1Nij6
Rich Brian,2IDLDx25HU1nQMKde4n61a
Rick Ross,1sBkRIssrMs1AbVkOJbc7a
Rihanna,5pKCCKE2ajJHZ9KAiaK11H
RL Grime,5eIbEEQnDM8yuDVB0bimSP
Rod Wave,45TgXXqMDdF8BkjA83OM7z
Roddy Ricch,757aE44tKEUQEqRuT6GnEB
ROSÉ,3eVa5w3URK5duf6eyVDbu9
SABAI,4OaSyxqlkp7aVpAZwF02QZ
Sabrina Carpenter,74KM79TiuVKeVCqs8QtB0B
Said The Sky,4LZ4De2MoO3lP6QaNCfvcu
Sam Smith,2wY79sveU1sp5g7SokKOiI
San Holo,0jNDKefhfSbLR9sFvcPLHo
Sean Kingston,6S0dmVVn4udvppDhZIWxCr
Sebastian Ingrosso,6hyMWrxGBsOx6sWcVj1DqP
Selena Gomez,0C8ZW7ezQVs4URX5aX7Kqx
Seven Lions,6fcTRFpz0yH79qSKfof7lp
Sexyy Red,3DbwFQlvLxRSi2uX8mf81A
Shawn Mendes,7n2wHs1TKAczGzO7Dd2rGr
Sia,5WUlDfRSoLAfcVSX1WnrxN
Sik-K,5DIi2JWfQPTKffaVBlIYRn
Skrillex,5he5w2lnU9x7JFhnwcekXX
SLANDER,20DZAfCuP1TKZl5KcY7z3Q
Snoop Dogg,7hJcb9fa4alzcOq3EaNPoG
JEON SOMI,7zYj9S9SdIunYCfSm7vzAR
Soulja Boy,6GMYJwaziB4ekv1Y6wCDWS
Stephanie Poetri,0HS00NN7MAfF59aJnfcxSO
Steve Angello,4FqPRilb0Ja0TKG3RS3y4s
Steve Aoki,77AiFEVeAVj2ORpC85QVJs
Stray Kids,2dIgFjalVxs4ThymZ67YCE
Sugar Ray,4uN3DsfENc7dp0OLO0FEIb
SZA,7tYKF4w9nC0nq9CsPZTHyP
TAEYANG,6udveWUgX4vu75FF0DTrXV
Takeoff,3EW0kQ1skZiK1NHg3Spt9J
Tame Impala,5INjqkS1o8h1imAzPqGZBb
Tate McRae,45dkTj5sMRSjrmBSBeiHym
Taylor Swift,06HL4z0CvFAxyc27GXpf02
The Chainsmokers,69GGBxA162lTqCwzJG5jLp
The Kid LAROI,2tIP7SsRs7vjIcLrU85W8J
The Script,3AQRLZ9PuTAozP28Skbq8V
The Weeknd,1Xyo4u8uXC1ZmMpatF05PJ
T.I.,4OBJLual30L7gRl5UkeRcT
Tiësto,2o5jDhtHVPhrJdv3cEQ99Z
Tinashe,0NIIxcxNHmOoyBx03SfTCD
Tory Lanez,2jku7tDXc6XoB6MO2hFuqg
Travis Scott,0Y5tJX1MQlPlqiwlOH1tJY
Trella,4YpLN8ZByubASuWnxWokRT
Trey Songz,2iojnBLj0qIMiKPvVhLnsH
Trippie Redd,6Xgp2XMz1fhVYe7i6yNAax
Trivecta,4AT7XlLBevgZIiKvZQ83ye
TWICE,7n2Ycct7Beij7Dj7meI4X0
Ty Dolla $ign,7c0XG5cIJTrrAgEC3ULPiq
Tyga,5LHRHt1k9lMyONurDHEdrp
USHER,23zg3TcAtWQy7J6upgbUnj
VALORANT,3wrFoI9EVjWg6m8xXeWr5t
Waka Flocka Flame,6f4XkbvYlXMH0QgVRzW0sM
Warren Hue,4qcKNkdxUidhvUByB2eQ6g
William Black,7d5SfGXKpgS3JK8BFIq59h
Wiz Khalifa,137W8MRPWKqSmrBGDBFSop
Wooli,1Uyqa2sdHm1bL5JK4IC4zc
XXXTENTACION,15UsOTVnJzReFVN1VCnxy4
yetep,20lmiQy576CSBPz0VJHmnC
YNW Melly,1cNDP5yjU5vjeR8qMf4grg
Young Thug,50co4Is1HCEo8bhOyUWKpn
YoungBoy Never Broke Again,7wlFDEWiM5OoIAt8RSli8b
Zara Larsson,1Xylc3o4UrD53lo9CvFvVg
ZAYN,5ZsFI1h6hIdQRw2ti0hz81
Zedd,2qxJFvFYMEDqd7ui6kSAcq
Zeds Dead,67qogtRNI0GjUr8PlaG6Zh
